-- SQL Practice with Subqueries: Create tables and Populate data
-- Create the Warehouses table
CREATE TABLE Warehouses (
    warehouse_id INT PRIMARY KEY,
    warehouse_name VARCHAR(50),
    state VARCHAR(2)
);

-- Insert data into the Warehouses table
INSERT INTO Warehouses (warehouse_id, warehouse_name, state) VALUES
(1, 'Warehouse A', 'NY'),
(2, 'Warehouse B', 'CA'),
(3, 'Warehouse C', 'TX'),
(4, 'Warehouse D', 'FL');

-- Create the Orders table
CREATE TABLE Orders (
    order_id INT PRIMARY KEY,
    warehouse_id INT,
    customer_id INT,
    order_date DATE,
    amount DECIMAL(10, 2)
);

-- Insert data into the Orders table
INSERT INTO Orders (order_id, warehouse_id, customer_id, order_date, amount) VALUES
(101, 1, 201, '2025-01-01', 500.00),
(102, 1, 202, '2025-01-02', 300.00),
(103, 2, 203, '2025-01-01', 700.00),
(104, 3, 204, '2025-01-03', 200.00),
(105, 4, 205, '2025-01-04', 100.00),
(106, 2, 206, '2025-01-04', 400.00),
(107, 3, 207, '2025-01-05', 250.00);

-- Create the Customers table
CREATE TABLE Customers (
    customer_id INT PRIMARY KEY,
    customer_name VARCHAR(50),
    city VARCHAR(50)
);

-- Insert data into the Customers table
INSERT INTO Customers (customer_id, customer_name, city) VALUES
(201, 'Alice', 'New York'),
(202, 'Bob', 'San Francisco'),
(203, 'Charlie', 'Los Angeles'),
(204, 'Diana', 'Houston'),
(205, 'Eve', 'Miami'),
(206, 'Frank', 'Sacramento'),
(207, 'Grace', 'Dallas');

SELECT
    warehouse_id,
    warehouse_name,
    (SELECT SUM(amount) FROM Orders) AS total_order_amount
FROM
    Warehouses;

SELECT
    W.warehouse_name,
    O.total_amount
FROM
    Warehouses AS W
INNER JOIN (
    SELECT
        warehouse_id,
        SUM(amount) AS total_amount
    FROM
        Orders
    GROUP BY
        warehouse_id
) AS O
ON
    W.warehouse_id = O.warehouse_id;

SELECT
    warehouse_name
FROM
    Warehouses
WHERE
    warehouse_id IN (
        SELECT DISTINCT warehouse_id
        FROM Orders
        WHERE customer_id IN (
            SELECT customer_id
            FROM Customers
            WHERE city IN ('New York', 'Dallas')
        )
    );

SELECT
    W.warehouse_name,
    COUNT(O.order_id) AS number_of_orders,
    CASE
        WHEN COUNT(O.order_id) * 1.0 / (SELECT COUNT(*) FROM Orders) <= 0.20 THEN '0-20% Orders'
        WHEN COUNT(O.order_id) * 1.0 / (SELECT COUNT(*) FROM Orders) > 0.20 AND COUNT(O.order_id) * 1.0 / (SELECT COUNT(*) FROM Orders) <= 0.60 THEN '21-60% Orders'
        ELSE 'More than 60% Orders'
    END AS fulfillment_category
FROM
    Warehouses AS W
LEFT JOIN Orders AS O
ON W.warehouse_id = O.warehouse_id
GROUP BY
    W.warehouse_id, W.warehouse_name;